{"cameraMode":{"drawMode":0,"name":"Shaded","section":"Shading Mode"},"sceneLighting":false,"audioPlay":false,"sceneViewState":{"m_AlwaysRefresh":false,"showFog":true,"showSkybox":false,"showFlares":true,"showImageEffects":true,"showParticleSystems":true,"showVisualEffectGraphs":true,"m_FxEnabled":true},"in2DMode":false,"pivot":{"x":0.016009416431188585,"y":1.7008743286132813,"z":1.346883773803711},"rotation":{"x":-0.3172295391559601,"y":-0.002278059720993042,"z":0.0007634341018274427,"w":-0.9483418464660645},"size":2.936905860900879,"orthographic":false}